title,objectid,display_template,image_small,creator,subject,isbn_id,Language,publisher,location,year_published,Edition,tags,bobcat_permalink,worldcat_permalink
"The Kingdom of Quito, 1690-1830: The state and regional development",as001,image,https://v5.airtableusercontent.com/v1/18/18/1687888800000/SCtY6HOCHdYT2KdA6kgdNA/o1C4TuB8EDWQ7O6Ty4-V7jW1-NJdU5OeQbUFToCyG-hYtaWaqTTDSB9GqLDYOh4yd5Zxv1mMIzUhs_rySM7i7w/ZwjXQFJyT-9xRLdduyNKdXCmoLePZzP0u6LckwbzVwI,"Andrien, Kenneth J.",Andean Studies,9780521481250,eng,Cambridge University Press,United States,1995,1,History -- Ecuador,https://bobcat.library.nyu.edu/permalink/f/ci13eu/nyu_aleph004958870,https://worldcat.org/en/title/1150088725
Bolivia: Refounding the Nation,as002,image,https://v5.airtableusercontent.com/v1/18/18/1687888800000/W-wfreQVjH6l_YGNjgztEQ/hhbgOyBeZkU1S9Rhdt4gLEyNHNltnId5sVWYXRTEUkvQZMfd9UE_xwmji0KQTGi8tWUziMJ-JwnlAxLo9zNJpQ/IYrnDtk-IkJaIg2sezZV_hDlo7Kx2M1WF7X9ezbVLu0,"Artaraz, Kepa
",Andean Studies,978-0-7453-3089-1,eng,Pluto Press,UK,2012,1,Government Relations,https://bobcat.library.nyu.edu/permalink/f/ci13eu/nyu_aleph005781794,https://worldcat.org/en/title/804845771
Our House in the Clouds: Building a Second Life in the Andes of Ecuador,as003,image,https://v5.airtableusercontent.com/v1/18/18/1687888800000/1oKP67_-QQgTAjHZ_6QnQA/n2uOKgxFSxAT4waNZvsvV3TRMkgg7FisECQiZ_K3BaOhhPnGX8FQ_y8C4SA0S6n-A4XhurlkK_5zIBQD2OaHyQ/GOANUKa0AQ21UaHv3IWfKLA2WhrvtYRTKZms3UiNDJQ,"Blankenship, Judy",Andean Studies,978-0-292-73903-1,eng,University of Texas Press,United States,2013,1,History -- Ecuador,https://bobcat.library.nyu.edu/permalink/f/ci13eu/nyu_aleph004109152,https://worldcat.org/en/title/846990269
"Esquinas, Rincones, Pasadizos: Bosquejos sobre juventud peruana",as004,image,https://v5.airtableusercontent.com/v1/18/18/1687888800000/CBmNGjWfTfiA5--v-yduxQ/mTHprWNkQ6ree3cXK-NPI7b3Bt46QFiFEdxbBHBUc16xuuOSfm8DJhfk53FADG-738bIBVVqdbz876bLk6TfLg/0V8bbABernqEQ2k_Ho8ETdUEcDdg5Cwjtvok5189L5Q,"Cánepa, María Angela",Andean Studies,,spa,Instituto Bartolomé de Las Casas ~Rimac ,Peru,1993,1,Youth Studies,,https://worldcat.org/en/title/30781995
Bi-Centenarios Naturales: Historias de quinas y vicuñas ,as005,image,https://v5.airtableusercontent.com/v1/18/18/1687888800000/Gp_IF8BCj1JmwsZNw-v5Kw/byWiIgm6BUFjV86vz_Alr3Jg2TiKxYG1DyllvguAc5pmNFYujOa3CziCGICUG1dR3AigtxD7kZcQTv5Bz_TRWw/XNsCnhnndyb-t8t9OGkL93MMFzJSIf090w63lvRnAKM,"Epiquién, Mirbel",Andean Studies,9786125036490,spa,"CBC, Centro Bartolomé de las Casas",Peru,2021,1,Ecological / Agricultural,,
La Ley Del Ayllu ,as006,image,https://v5.airtableusercontent.com/v1/18/18/1687888800000/6Jn1ApHMBaehsmG-82BI9g/pi_k1aU7xVC6WIJdQ0ZcsH1lEV-IxsdAqGd7PsCz7C5KeNYxiUlMgoYpdYf_fE52lJbdvQMOYd2_GUtdssu4OA/WQ4eR_Jt86ergrIYebwWiDqNhrkwQjPOqPalq2LQ-aE,"Fernández O., Marcelo
",Andean Studies,99905-0-049-5,"que,spa",Fundacion Pieb ,Bolivia,2000,9,Indigenous Rights,https://bobcat.library.nyu.edu/permalink/f/ci13eu/nyu_aleph000758225,https://www.worldcat.org/title/46483149
Descentralización andina,as007,image,https://v5.airtableusercontent.com/v1/18/18/1687888800000/ZS0_2KzGUrldKNUYyBzS3A/AjXNRRzOXFVyuFai5CU58zQh3XL4x3YMKRHHSAXTZwoLm9ZP--FlxKoorbXwTDzPN3ZBwmB6-6vlldTCk6T46w/oM6V-D2TYQ3oyaMsqxen6Mx6OjVmF4j_UuiHOwcaSVw,"Franky, Pablo
",Andean Studies,958-683-323-2,spa,Pontificia Universidad Javeriana,Colombia,2000,19,Political Science,https://bobcat.library.nyu.edu/permalink/f/ci13eu/nyu_aleph000730560,https://www.worldcat.org/title/47865583
Democracia Estado Nación ,as008,image,https://v5.airtableusercontent.com/v1/18/18/1687888800000/qb5yEefjGkMyANDmvnx_ZQ/iw9LxiMfeyGV3icnbc7rLf0z-r4NCxp1xP6dHclaa3RCrq3R-TIefapROZNT2ytH_OTCNKiUJrBUMBeb0adOEQ/LV66fHzHdFBy3ocRnX5aAm9pZDQ5O4Nzwsn68uTFR4E,"García Linera, Álvaro
",Andean Studies,9789807364355,spa,Vicepresidencia del Estado,Bolivia,2014,1,Political Science -- Bolivia,https://bobcat.library.nyu.edu/permalink/f/ci13eu/nyu_aleph004321059,https://worldcat.org/en/title/911184088
Elegía Apu Inka Atawallpaman: Primer Documento De La Resistencia Inka,as009,image,https://v5.airtableusercontent.com/v1/18/18/1687888800000/s_kifJSEjdrcPEQUyym3vQ/uygy_5Ey4_XX6eBotv_kmxSMXW4xqNi593jCpcM5XVL58P0PFzUV4U28stE0E7PRoblmB6CHZm1yuibgcNQKAw/PX8xA4pEGNbdSCCSVLGMPx43IHr0nnzbCiIjdTl91pE,"Gonzales, Odi",Andean Studies,978-612-46607-1-9,"spa,que",Pakarina Ediciones,Peru,2014,1a,Government Relations,https://bobcat.library.nyu.edu/permalink/f/ci13eu/nyu_aleph004017536,https://worldcat.org/en/title/882496521
Rhythms of the Pachakuti: Indigenous Uprising and State Power in Bolivia,as010,image,https://v5.airtableusercontent.com/v1/18/18/1687888800000/zcIr-ZP1dXDDkik15_M8SA/DmnYN82JEDZeVoee7ftBAtqkLf-V1Mi150lXkVhX3falWKMMjBLFPDZLhAVLnAmOKu4FzxINyagNylwzjPQrrA/H98fpvWVDHqjx48KDesLATHRbz3RwFC62eOehJWbaI0,"Gutiérrez Aguilar, Raquel",Andean Studies,978-0-8223-5604-2,eng,Duke University Press ,United States,2014,1,Government Relations,https://bobcat.library.nyu.edu/permalink/f/1c17uag/nyu_aleph004491726,https://worldcat.org/en/title/869460433
Justicia hídrica : una mirada desde América Latina ,as011,image,https://v5.airtableusercontent.com/v1/18/18/1687888800000/7v0RuhC15l5TRgRqm-1FIQ/_wD12EM598JBwC-s61nngHsCCoySH6rB1sVICfFXjbARdxBfEK2genC_Tz7cGetV7syNwof63KE0f9Lb_tb4Pw/R2U2uotsC6b0V-ZzR75_q2eFNNeqpCUTaG6_NV6NITM,"Guzmán León, Alicia ",Andean Studies,9786124121395,spa,Centro de Estudios Regionales Andinos Bartolomé de las Casas,Peru,2021,1,Ecological / Agricultural,https://bobcat.library.nyu.edu/permalink/f/ci13eu/nyu_aleph009392999,https://worldcat.org/en/title/1304515465
Agroecologiá Altoandina: Realidad y Posibilidades,as012,image,https://v5.airtableusercontent.com/v1/18/18/1687888800000/sSWMFFLdtFjVhTUztYUp_Q/rbb_5JKEJ62XM3QefK47u1GGk8uypJz6PA4U-7T3VDpwdKtW0-K63CqeoxBpeRsXkChRF-WJArasLc9TiqS-Qw/YQRNIFeOn9sud73WME03fBgGvBbWVZ5gB4lmj6f2GYc,"Herz Zacarías, Carlos Aarón ",Andean Studies,9786124121364,spa,"CBC, Centro Bartolomé de las Casas",Peru,2021,1,Ecological / Agricultural,,https://www.worldcat.org/title/1303286565
Guía basica de prácticas agroecológicas para pisos andinos de 2000 a 4000 msnm ,as013,image,https://v5.airtableusercontent.com/v1/18/18/1687888800000/99e9NeFFQtlL8S6xIlh8mA/rxomVg-j72fpYSOvDP_hJ5A71LPagiy3TcfJ-dKDXfuUNK1RC_ocbDieX_Ik4b9Y4Zb6_vJaIV3ZRwKncTqgdw/nj5i8GHdGgKO3PmbKRTaLkdcChTYGRVVtAeVtIJcNaY,"Kolmans, Enrique; Silva, Allesandra; Huamán, Anthony",Andean Studies,978-612-4121-49-4,spa,Centro de Estudios Regionales Andinos Bartolomé de Las Casas,Peru,2022,1,Ecological / Agricultural,,
Acting Inca: National Belonging in Early Twentieth-Century Bolivia,as014,image,https://v5.airtableusercontent.com/v1/18/18/1687888800000/OmQkAxpq7TQz4sVdiP0_aw/C1-417tUm07BjHsYD03wlSxhDqmLkwQMnH5pYo90tl8E6qFrhnGTb44g9DBhrbxgCaSgvLYLWA65XVEozMqHIQ/HgGNPB7AeHlu5AQFQv2qFzS_15fecoh44TKMurHXyxE,"Kuenzli, E. Gabrielle",Andean Studies,978-0-8229-6232-8,eng,University of Pittsburgh Press,United States,2013,1,Political Science -- Bolivia,https://bobcat.library.nyu.edu/permalink/f/1c17uag/nyu_aleph007609511,https://worldcat.org/en/title/828776013
The Corner of the Living: Ayacucho on the Eve of the Shining Path Insurgency,as015,image,https://v5.airtableusercontent.com/v1/18/18/1687888800000/bGbcabdMpd3bbG9c67Kyww/5YeW2uAGsBpzg-ldBLAWtREShB5_0Ok2vhxFa0o7KVOyPNg1fOriGSv9w-xA_xktjhzqtzjwxBK8ichBmnCJjw/jfBkdvE30GwwjstY6wjDqaxm-wqtVkgrnSSDV3BU3kc,"La Serna, Miguel",Andean Studies,978-0-8078-3547-0,eng,University of North Carolina Press,United States,2012,1,History -- Peru,https://bobcat.library.nyu.edu/permalink/f/ci13eu/nyu_aleph004286969,https://worldcat.org/en/title/772844957
Qhapaq Ñan: The Inka Path of Wisdom,as016,image,https://v5.airtableusercontent.com/v1/18/18/1687888800000/AvKpaKHUym_eoldZQqAvVQ/9roMZVOoyO1XAS8MFt_SUbAaKL3DsN1VUGXXAz_KIpRXY46jnVLKKF_XjvgjymIktDKiQNx0EDUvQRHJANLzrA/zt5Z9mhZBDUskYyC983p3dPBY8hqAcs40UQqSgVUTM4,"Lajo, Javier ",Andean Studies,,eng,Amaro Runa Ediciones,Peru,2006,2,History -- Peru,https://bobcat.library.nyu.edu/permalink/f/ci13eu/nyu_aleph000480697,https://www.worldcat.org/title/85888948
"El Alto, Rebel City: Self and Citizenship in Andean Bolivia",as017,image,https://v5.airtableusercontent.com/v1/18/18/1687888800000/m3TJBSL0V42AnkLYLLT5sA/fS3SusSrNYyRfQHTf6JSxYT54W9kroYoqt8sirY6vT_lYYwkfc6VFqxOeZuunHsXxTiqPn0G2seUri0XRR5rWg/UN3c1rMXcW23W8hKox6cIkEDFytwaFyf0E3Hhvh6sak,"Lazar, Sian",Andean Studies,9780822388760,eng,Duke University Press ,"Durham + London, United States; United Kingdom",2008,1,History -- Bolivia,https://bobcat.library.nyu.edu/permalink/f/ci13eu/nyu_aleph004492793,https://www.worldcat.org/title/191855691
El Peru y La Cultura Occidental ,as018,image,https://v5.airtableusercontent.com/v1/18/18/1687888800000/1lYH-HajDzNeZUvs2oPGKA/7OrSKepg8-2wZvm7qKufSx0c6kqCH_kSv2-LKHHPWMcV08w8lMIn9R7hWc0Q1TVjnRk0qyI7q1dumFuPLXvrlg/S8HC5yNZXLjhsjRY7anznS1x5jbXNwkAV2GH1zosUHA,"Lizarraga, Jesus Veliz",Andean Studies,,spa,Instituto de Investigaciones Sociales del Perú,Peru,1993,2,Anthropology -- Peru,,https://www.worldcat.org/title/7657327
"On the Wings of Time: Rome, the Incas, Spain, and Peru",as019,image,https://v5.airtableusercontent.com/v1/18/18/1687888800000/vbZ5Dv2AJgScXwPqHL8pnw/JFwh7r3g5Abb01uLjhQLYxoHMiAYDYBnoNLtbYjyZra0oCehBSOJnix5nSwxE52k6UmQDNk_wBpmG9QLswgqVw/FiAFODuHblyyLeFmflTc-seRfojlP_jFDgXn3FVEnt8,"MacCormack, Sabine",Andean Studies,978-0-691-14095-7,eng,Princeton University Press,United States,2009,1,History -- Peru,https://bobcat.library.nyu.edu/permalink/f/ci13eu/nyu_aleph005828526,https://www.worldcat.org/title/1273307460
Walaycho Qorilazo: Memoria Oral Quechua en Los Andes,as020,image,https://v5.airtableusercontent.com/v1/18/18/1687888800000/iIcZwcviqewTNOM_0EkATw/x-V4ko1KM2z6SsO7sIkq74PRcMMKBDsGheMA0U6neTk6VgCTmQkeulDLx6NUdrJhQIA8fUaJeiBKC-QLCY1cLw/8HH5h8c1A4kvByDAddyG3xyeI2jrkIhqU1HDNX7XRpI,"Molina Almanza, Mario
",Andean Studies,978-612-4297-25-0,"spa,que",Pakarina Ediciones,Peru,2017,1,History -- Peru,,https://www.worldcat.org/title/1023512728
Dinámica politico-económica de los países andinos,as021,image,https://v5.airtableusercontent.com/v1/18/18/1687888800000/lToNdFbPbS1OoC91FuUIXA/zXzbFs65IRNG9TcDP3QLN0AawbB4L2q3MuIUGp734ttWvk1bsEzyt9mh7quJdnEKxkvOuE6TBGNEJputDtILWA/K0eq5F9qS17C1ZJvz4jg0thXQGT2E56RK8YhhE8Pi8o,"Murakami, Yusuke, ed. ",Andean Studies,978-9972-51-336-7,spa,"Center for Integrated Area Studies, Kyoto University",Japan,2012,34,Political science -- Peru,,https://www.worldcat.org/title/905604647
La actualidad política de los países andinos centrales en el gobierno de izquierda,as022,image,https://v5.airtableusercontent.com/v1/18/18/1687888800000/wlnVb-Dinub3Ta6I8ZWy2w/fuXOpLa1iBiZQx8Hf6aW0jBS4m06W52-CMdHbSngxk7JZxSEpxb9J-CCip6K4BK-_GWGr8QZKeygB7Il7-wPUw/bSrNiUO7XTRdt4VLcMv4C_-34hmNlCgbo8mLstSQWNA,"Murakami, Yusuke, ed. ",Andean Studies,978-9972-51-472-2,spa,"Center for Integrated Area Studies, Kyoto University",Japan,2014,39,Political science -- Peru,,https://www.worldcat.org/title/904253572
Creadores de la profundidad: Orígenes del movimiento obrero en las minas de los Andes peruanos (1928-1930) ,as023,image,https://v5.airtableusercontent.com/v1/18/18/1687888800000/7A4lq3yLjyorPUnogrU_9g/3hEbWM0MrLNPB3RcJjKO_SAWVBj4l17F1u8_JbS01mB_AC-9xqwmT0PwPglY_fyeFB7qlM9K68Xu2NfeA-aEiA/9ibbPiRhhihhM_7SDyhkJkZgYXAlKsJHuKLKdMDR2No,"Pajuelo Teves, Ramón",Andean Studies,978-612-4121-52-4,spa,"CBC, Centro Bartolomé de las Casas ",Peru,2022,1,History -- Peru,,
"Por la concordia, la fusión y el unitarismo: Estado y caudillismo en Bolivia (1852-1880)",as024,image,https://v5.airtableusercontent.com/v1/18/18/1687888800000/T5-SBwHZ0U6HqcDckhmPKw/UP7sAB_lEEhMwlXenHbzMlv7kFGXn6mL71TqyVLOpoOxR6g8sJh50rJHe5qaEPMZxK3hmTHNVVwT7oWHqpg5RQ/jDjr4lz5ywsHG0udWro-f-L16H9mgeFJybwKnrbxjCw,"Peralta Ruiz, Víctor; Irurozqui Victoriano, Marta",Andean Studies,84-00-07868-3,spa,Consejo Superior de Investigaciones Cientificas,Spain,2000,1,History -- Bolivia,https://bobcat.library.nyu.edu/permalink/f/ci13eu/nyu_aleph001720216,https://www.worldcat.org/title/45345494
The Disappearing Mestizo: Configuring Difference in the Colonial New Kingdom of Granada,as025,image,https://v5.airtableusercontent.com/v1/18/18/1687888800000/fZwJt4IoBKfAovbvHlTBog/-lV_1VJRYR6-2yfrNdJ73nj6MDwlWST10qM5UkMOUbZrqmZwLB7J77074HKFgc6DrddjPBJmUndpgSX8TRv-2Q/s4fLF-6UqMCgBF2QKdzPg4DIyQfQHhuZVbwtJUNylT8,"Rappaport, Joanne",Andean Studies,978-0-8223-5629-5,eng,Duke University Press ,United States,2014,1,"History -- Colombia,Pan-andean",https://bobcat.library.nyu.edu/permalink/f/ci13eu/nyu_aleph007523590,https://www.worldcat.org/title/847833686
Tawantinsuyu. Cinco Siglos de Guerra Qheswaymara Contra España. ,as026,image,https://v5.airtableusercontent.com/v1/18/18/1687888800000/KZlWYh5ccfG6j3Zpf068iQ/ypSlikPqS7650gktsoCdHswJJgrSbLdpDBbcSB4QHsXT7QkDhW3snCg672M0I09oSw3QrurE1wIgOXT0BFKXOg/TwN0MObVnpBEGPN3ROYdnE3yw9LuCbQxbBJrD_Rmd0w,"Reynaga Burgoa, Ramiro
",Andean Studies,968-429-178-7,"spa,que",Nueva Imagen,Mexico,1981,1,History -- Peru,,https://worldcat.org/en/title/8545711
Historia De Tahuantinsuyu,as027,image,https://v5.airtableusercontent.com/v1/18/18/1687888800000/V1KBm6Re9pZvUM7BACJWAQ/k7jVYHDxEsAuPjcMT1VPb20TLHeQrpfNVsHOSHImTBA2TOAZHZlUSTiMatnZmIAWjxIkJ3hRox84Q7h0O9sIXg/p8g4eNjYCAT2WOyh3X6xsOEaxXHqNFo14kG6eyIwtNg,"Rostworowski De Diez Canesco, Maria",Andean Studies,9789972510298,spa,Camara Peruana Del Libro,Peru,2004,1,History -- Precolombian Peru,https://bobcat.library.nyu.edu/permalink/f/1c17uag/nyu_aleph005014327,https://worldcat.org/en/title/45023268
Conversando nos entendemos: métodos de la investigación-acción Participative apara transformar y reencantar la realidad ,as028,image,https://v5.airtableusercontent.com/v1/18/18/1687888800000/iIT6sXkFmRJi5oL-QknqhQ/FxGgiIZzs4Kqb8UJ0IwtmiQ2xEHjQYSZzT6vB-fDWCa8SwQ7JVYIQBpwlW9QzcN4icRBCKA7wwezH9a-6WW90g/EPbaGe-XlG8sM4Sp1_stnof7mnMxUxqB56d_qpGygTY,"Salas, María Angélica; Tillmann, Timmi
",Andean Studies,9786124121449,spa,"CBC, Centro Bartolomé de Las Casas",Peru,2022,1,Indigenous Politcs,,https://www.worldcat.org/title/1366106780
"Between Reform and Revolution: Political Struggles in the Peruvian Andes, 1969-1991 ",as029,image,https://v5.airtableusercontent.com/v1/18/18/1687888800000/LIuLdrUSTWfuzvpWhnSYBQ/EbKo1OTE4UANa6k6PeTpNzMG3uuUVBV9dzxs0UC6KUOmMOxcW9ZEmIcRjsIAAffg_47-O4YQcAp6zeCuND4AKA/Y5-mDzADEuXgjdAppSh1Ib93vq0g3NMLimy2ZM1nrM8,"Seligmann, Linda J.",Andean Studies,9780804724432,eng,Stanford University Press,United States,1995,1,History -- Peru,https://bobcat.library.nyu.edu/permalink/f/ci13eu/nyu_aleph001282116,https://www.worldcat.org/title/31077550
Hasta Cuando Tu Silencio?: Testimonios De Dolor Y Coraje,as030,image,https://v5.airtableusercontent.com/v1/18/18/1687888800000/CznNvDoJoKj2-4qeeKzD1w/vQXzacGKjBUGbtA0W8clZFGUwt4c9syrcs_KjmkYW5fDBGFM56sz1DBcn9z0tI7vC897mQrlOW6hQUAHWfP4tg/l7LKP5f-uPCpdOuT5rpiM9CppGuMyINyigMxB0Oyihk,"Soto Quispe, Heeder
",Andean Studies,9786034512306,spa,"Asociacion Nacional De Familiares De Secuestrados, Detenidos y Desaparecidos del Perú ",Peru,2007,1,History -- Peru,,https://worldcat.org/en/title/268676507
"Evo Morales, De La Coca Al Palacio: Una Opportunidad Para La Izquierda Indígena",as031,image,https://v5.airtableusercontent.com/v1/18/18/1687888800000/A4mR1TogwXfSNt5mq_cQpA/nva83NcFc1VMzXmIZXspcY9SNt8hoPSNCmlFpjRfOZC3GlPaJ3eCFkH-xAPyKowNC4Dv-BNhT9ZnpM4gCpVppA/sucpShdWF4njawrsGqx3Ds7leIWVYW8tQ2T8a_H-P70,"Stefanoni, Pablo.",Andean Studies,99954-0-005-7,spa,Malatesta,Bolivia,2006,1,"Bolivia,Political Science -- Bolivia",https://bobcat.library.nyu.edu/permalink/f/ci13eu/nyu_aleph000424637,https://worldcat.org/en/title/76880131
Peru's Indian Peoples and the Challenge of Spanish Conquest: Huamanga to 1640,as032,image,https://v5.airtableusercontent.com/v1/18/18/1687888800000/7bHVWqdxUTuyseaGijsbag/ByO1030zEjUZmp7cwvFGmVdi-38E-xb2wuYuxn0zECi0qGPXqH63hz6rxLKDrkzyHt6Uk-6Wqp7zOxMPDlRpfA/__1rrVvV5kgoZ0JK96WVJ0lknOWR77rUjaiw6c5CE5M,"Stern, Steve J.",Andean Studies,0-299-08900-2,eng,University of Wisconsin Press,United States,1982,1,History -- Peru,https://bobcat.library.nyu.edu/permalink/f/1c17uag/nyu_aleph008389679,https://worldcat.org/en/title/564915452
"Research Guide to Andean History: Bolivia, Chile, Ecuador, and Peru",as033,image,https://v5.airtableusercontent.com/v1/18/18/1687888800000/TOXEHK2f7hVQULZIK6Gpcg/bQZDX5vyI7NgbSN5cgYRHZ1FxHxptXBeJbP6Zle0fqLb6QkwZISClWrlZYnLRm2zc3KAgBUQOzLjUbPxDW8upw/cgpTShTIv3H5hs_GsGMo0dBBInbCc0uRpxzypVL2_F8,"TePaske, John J.",Andean Studies,9780822304500,"eng,spa",Duke University Press ,United States,1982,1,"Pan-andean,Research Guide",https://bobcat.library.nyu.edu/permalink/f/ci13eu/nyu_aleph002613897,https://worldcat.org/en/title/7178404
"Andean Lives: Gregorio Condori Mamani and Asunta Quispe Huamán
",as034,image,https://v5.airtableusercontent.com/v1/18/18/1687888800000/UjUL601IDSiTCPdw4Q8h9Q/1EfR7M6AI-NBwPpCmbrxms5fSy6jkjd4OGd8iYgmvzyZT6OXz1ALUAtop1IulnxHg2QEUh2GUXvY9lrMdmR7Nw/ufEhBEQ3cK3g61NuItyfyim7LUZB3YK-1IOiYtY9Wn4,"Valderrama Fernández, Ricardo; Escalante Guitérrez, Carmen ",Andean Studies,0-292-72491-8,eng,University of Texas Press,United States,1996,1,History -- Peru,https://bobcat.library.nyu.edu/permalink/f/ci13eu/nyu_aleph008135490,https://worldcat.org/en/title/32778860
"Los Virajes del Quipu: Pensamiento Utópico, (De)construcción de Nación y Resistencia en el Mundo Andino",as035,image,https://v5.airtableusercontent.com/v1/18/18/1687888800000/xCoW5UzSmNseK-jVFGPXIA/tyXU_a6xt3r4PejkMD_V32AAS7W5tSAqKfQbXgiAYsw2LzpSwsdtvD7Pj31tI3LzG-8QLhw8L7tOA8hiFY2kIg/FqUuSQZ-HrRfj2JCljzRmU-QbzyauCKQtDZLL7pCbzY,"Valdivia Baselli, Alberto ",Andean Studies,"978-9972-46-647-2
",spa,Fondo Editorial,Peru,2018,1,Stories,https://bobcat.library.nyu.edu/permalink/f/ci13eu/nyu_aleph007361149,https://worldcat.org/en/title/1098241680
"La ""Consulta Previa"" en opinión de los pueblos Indígenas ",as036,image,https://v5.airtableusercontent.com/v1/18/18/1687888800000/E0w8hI7ntuGoOMPHFakyuA/DrrdTjkwIil4T1bzc0f5ocb2V3jwE0wl_McWgdnrB1b5U1RcAO7g7I8CdRdMWhCPYz8JR-bSmlxQwYf4IoGH6g/KuZ3Wlhhliqe3xoO4Px1Fnbu7UKwam_m0vQ6iZA8RGk,Various,Andean Studies,,spa,Consejo Nacional de Ayllus y Markas del Qullasuyu,Boliva,2013,1,Indigenous Politcs,,
De Túpac Amaru a Gamarra : Cusco y la formación del Perú Republicano,as037,image,https://v5.airtableusercontent.com/v1/18/18/1687888800000/OmGFgGZ6sLJG1E2xC526oQ/qQbt3bM9e6oJ2QPuQZFakoW4Gn5XhiJXqgBlSkRybcnf5z17y3NdtMj2QcUH4-uKDa_wqHMOoPtQkfBNtwQxFg/OuJDfnxIm4ZI5-ydKng2P5bwJsHAjmbI0kZSmfKlOQA,"Walker, Charles",Andean Studies,9786124121418,spa,Centro de Estudios Regionales Andinos Bartolomé de Las Casas,Peru,2021,4,History -- Peru,,https://worldcat.org/en/title/1313579186
A Recognition of Being: Reconstructing Native Womanhood,is001,image,https://v5.airtableusercontent.com/v1/18/18/1687888800000/zsuLYGudksW6LxHaDP7AXg/opsYeCNXueKaWzJH3CIeB5QeKn8FRExxdRIIZnZo_AIRlbv26-NWETK9VHq5x0ajvipYjLIMLVrlaLtLcTkZuA/GhADABSLWjFuedSA7n9d3QM1mCTMLD_5dTg3gygtZ0k,"Anderson, Kim",Worldwide Indigenous Studies,978-1-894549-127,eng,Sumach Press,Canada,2001,1,Other Indigenous Studies: Canada; Feminist studies,,https://www.worldcat.org/title/1229174275
Weaving identities: construction of dress and self in a highland Guatemala town,is002,image,https://v5.airtableusercontent.com/v1/18/18/1687888800000/C6PDkNloKzWDfPA_SIcjdg/DdwdXGPjnIQAW1A_ftU9IzwPlpkGlHCJwkQUGzYjL955wXL5_q5296da8NYEKi_mreNnakM2HygHF7bCLNpvjg/lJZR696uusyFsnLm7sHrF21N7hC3fEYv1-mflVvRiwg,Carol Hendrickson,Worldwide Indigenous Studies,0-292-73099-3,eng,University of Texas Press,United States,1995,1,Other Indigenous Studies: Cakichikel Community (Guatemala),https://bobcat.library.nyu.edu/permalink/f/ci13eu/nyu_aleph005359175,https://worldcat.org/en/title/32167169
Construcción de la Sustentabilidad desde la Visión de los Pueblos Indígenas de Latinoamérica,is003,image,https://v5.airtableusercontent.com/v1/18/18/1687888800000/YMbyw1dCokPy8OL9bdXK-Q/_ZQwRSHNuaFzAhoSbICUGzIpJJk9zGudrqrXtIltobUg0JinP41VuAAPE4ZMW_MtJxHbaNPtyrNUc0sV9TWCmw/mcHb9J0qZBYeM0qT7585-UKrGWZQBFyX3gytlZlz3pM,"Daza van Boeck, Mariana; Roncal Revollo, Patricia",Worldwide Indigenous Studies,,spa,Ministerio de Medio Ambiente y Agua de Bolivia,Bolivia ,2010,1,Environmental Studies -- Bolivia,,
Mapping the Americas: The Transnational Politics of Contemporary Native Culture,is004,image,https://v5.airtableusercontent.com/v1/18/18/1687888800000/eWiZZ1I8fOBYgNBF67ae-g/BDhr36pZS55cSD6szgSTES7UJdTmKFaFQtsttcKLyj3l0FIDa7wcxb-ciIVMi1AMa39Vum9GK2jwh6z-M-xvVw/bBiU07JXq817N9053j6W7voZhDRGB8qLCZZqb0fxvnU,"Huhndorf, Shari M",Worldwide Indigenous Studies,978-0-8014-4800-3,eng,Cornell University Press,United States,2009,1,Other Indigenous Studies: Pan-American Indigenous studies,https://bobcat.library.nyu.edu/permalink/f/ci13eu/nyu_aleph005359472,https://worldcat.org/en/title/726824254
The Indigenous World 2013,is005,image,https://v5.airtableusercontent.com/v1/18/18/1687888800000/pbCkiSacxPehWp-DviFpPA/u5pGG5ymFdukLSd38V7Lty8NVj4YAZ7yTZZWuONdDpwRbPRiaC3CJzRlR9vC3VC3JQ83IgLHkAdPSm2jxLzqkA/5nv5KG4xblZe9HGVuXdcH-nIA8LtODT-yGsfKHUelGo,"Mikkelsen, Cæcilie",Worldwide Indigenous Studies,978-87-92786-33-3,eng,International Work Group for Indigenous Affairs,Denmark,2013,1,Worldwide Indigenous Studies,,https://www.worldcat.org/title/862828223
The Indigenous World 2012,is006,image,https://v5.airtableusercontent.com/v1/18/18/1687888800000/syFzVGE307I4Ix_3b_vEew/NTKgg7_Gvlj0OTV6fKFxV7WnrVaXYTAq7SVQsJOkX1qIrJAe1itnDnvV4T87VU-0fVRc83zdgIPRuU0m21YCfQ/lFv6qE49Y2Hw0uvPXUpUrXJW2NRXHOW9Cz1h34Azgho,"Mikkelsen, Cæcilie",Worldwide Indigenous Studies,978-87-92786-15-9,eng,International Work Group for Indigenous Affairs,Denmark,2012,1,Worldwide Indigenous Studies,,https://worldcat.org/en/title/830375770
Indigenismo hacia el fin del milenio. Homenaje a Antonio Cornejo-Polar,is007,image,https://v5.airtableusercontent.com/v1/18/18/1687888800000/f-mPaPP3eQxd9MQdeb91Gw/oeCuNIwOoe0Ty4vKFuK2ZiyY6wC86j82atin_2-scgNEzazVcV3OdlX3i7MaI5OgIc_6h63hBqx1F5NGatiphA/Vly4cw9yz0Ds4ANpNO8zmjlzpd50mUqRsJ1_1BtgUF4,"Moraña, Mabel, ed. ",Worldwide Indigenous Studies,,spa,Biblioteca de América,United States,1998,1,History -- Pan latin America,,https://worldcat.org/en/title/39925966
Indian Giving: Economies of Power in Indian-White Exchanges,is008,image,https://v5.airtableusercontent.com/v1/18/18/1687888800000/3k6mJlRRLfqnLxRKEpU9_w/SdLt2dixL-VvcORhnuaOcBpupgw3aHZal2p3h2F1Z6eoDKAtFvMM2wGCX-EdlcwS0v-IucH-xxjp6K0Qf-VJPQ/087ctCMqPmkLvoCJFgg0nlA1pnKl3HHAapupqtDnLWA,"Murray, David",Worldwide Indigenous Studies,1-55849-243-7,eng,University of Massachusetts Press,United States,2000,1,History -- United States / Canada,https://bobcat.library.nyu.edu/permalink/f/ci13eu/nyu_aleph001656417,https://worldcat.org/en/title/42953164
All Can Be Saved: Religious Tolerance and Salvation in the Iberian Atlantic World,is009,image,https://v5.airtableusercontent.com/v1/18/18/1687888800000/0pQXCi48c1_E7DiaAreH_w/4xwESldMVhZfAN4sSGFVO1BVRTI75ZNqF4bKJa6jESTqsw4PK2Fd6488iKpU_Sshy9gIx4rfPTkkxZ1HdGpGlw/9iMIXVeVlOqLzhUAE5-1LaMGvm6NYKxJWznUw6p5noY,"Schwartz, Stuart B.",Worldwide Indigenous Studies,9780300125801,eng,Yale University Press,United States,2008,1,History -- Pan Latin America,https://bobcat.library.nyu.edu/permalink/f/ci13eu/nyu_aleph003497108,https://worldcat.org/en/title/587527273
Las negras noches del dolor & para educar hombrecitos ,al001,image,https://v5.airtableusercontent.com/v1/18/18/1687888800000/1PEaf6xfeJXa2thjOv3RQA/dHV-MMjL9KpNCKptvgJUAq2LxboX4VyathPHPO8_sWtrrgFZ_tG60uXTvBVwKMhhDurgttIuTNQdr_tZm1ux1w/Jx5VT8_VcZfqHsdyIwWwOOV_V82FSfCIq9gTDGHUY2w,"Campos Dávila, José ""Cheche"" ",Afro Latino Studies,9972-34-012-0,spa,Biblioteca de Narrative Peruana Contemporánea,Peru,2004,1,Afrolatino Studies -- Peru,,https://worldcat.org/en/title/57431017
La Raza Triste,al002,image,https://v5.airtableusercontent.com/v1/18/18/1687888800000/Cs6ngl3kdCvgPQ1qvR1mvQ/T3cs8dkPXptir0eBnSCs5Jlgc1gzNK2E8fDM6c0nHPnE-QcudDLhieZap3SzxbKOfoY3Zsnoz1i0zNgihkS5bA/jFSI1-PlxPhnNUCXsHCp1g9Si1U60XNUV6BWs42E-OA,"García, Ludín B Fonseca",Afro Latino Studies,978-959-223-268-6,spa,Ediciones Bayamo,Cuba,2016,,"History -- Cuba,Afrolatino Studies -- Peru",,https://worldcat.org/en/title/1065121299
"Bound Lives: Africans, Indians, and the Making of Race in Colonial Peru",al003,image,https://v5.airtableusercontent.com/v1/18/18/1687888800000/dcDkX7EzriJuVlUnxgdxYQ/9APPRlrV3HeWGmUE8ug98AK-tiytv9TkX46d1i1oSUiKkTTyfOtBxxeGdu4e8INRNXS1SA7gRhBW-AlrPqoUmg/j9Hkf9fjrz8-T_8Nx0UpopQkuVM-MZwu7vSl5PlQhSI,"O'Toole, Rachel Sarah",Afro Latino Studies,978-0-8229-6193-2,eng,University of Pittsburgh Press,United States,2012,1,History -- Peru,https://bobcat.library.nyu.edu/permalink/f/ci13eu/nyu_aleph007609428,https://worldcat.org/en/title/809317648
Simi Taqe Qheswa - Español - Qheswa ,dic001,image,https://v5.airtableusercontent.com/v1/18/18/1687888800000/NCanvLEYeXcPdAwNBnre3w/xW0iuF086mTrmm5MNxeYINg0poN8VMfnUTW4TDztw2C-hZ_dRrApyVs-VfD8_jw-lEUINrvRupsDSeBnmnPmaQ/RTjnsv98Kmoap599PyTw-yUZvS4Erm23b2os9K5u9FU,Gobierno Regional Cusco,Dictionaries,,"spa,que",Gobierno Regional Cusco,Peru,2006,2,Dictionary,,https://worldcat.org/en/title/845761072
Vocabulario de la Lengua Qquichua,dic002,image,https://v5.airtableusercontent.com/v1/18/18/1687888800000/m4WsYZdVEkOB8Zq1dRZYPg/_9xDgibNAlehgw-gdLgMHykZ834DQghkavpnnsTxNHPlggdir8ZhGEXrJhk3UO3twXIhrMQnifExb7SUufva8A/2FV220I03kp9esRbpevPIih28RKvRckkvPqkvTx0b-I,"Goncalez Holguin, Diego ",Dictionaries,,"spa,que",Universidad Nacional Major de San Marcos,Peru,1952,1,Dictionary,,https://worldcat.org/en/title/1105318591
"
Quechua-Spanish-English Dictionary: A Hippocrene Trilingual Reference",dic003,image,https://v5.airtableusercontent.com/v1/18/18/1687888800000/LGIGvniAb6qFdjTARbu1_Q/ZQQoxeSJApjSj2cgtsrqbuLfnqlsqCazcCZXLHQz0E63DXzJPBpyOmfXj8cg0J7MZyUJV3fvOAXKWliGMwEYEA/HHNDja7NXVC1VVb3ku7Cx_QHbsy5NHN0tDXeLBaC6tY,"Gonzales, Odi; Janney, Christine Mladic; Thompson, Emily Fjaellen",Dictionaries,9780781813549,"spa,que,eng",Hippocrene Books,United States,2018,1,Dictionary,,https://worldcat.org/en/title/992433705
Diccionario Quechua - Castellano ,dic004,image,https://v5.airtableusercontent.com/v1/18/18/1687888800000/vHWrTcJzQq9OFZ1q59vk_g/RRRwIJcUmjYq-bBpXCIIK6vjLRXfjQhlgZQIT7wkxAEA7ju5QDRpJvp7k3CD114RjpHwvrWGQnYZM59z4uDHKg/PiL7Xx0kGvGBrOv2n7sVTBUuSdbd509Cm62sdPd_rkU,"Lira, Jorge A.; Mejía Huamán, Mario ",Dictionaries,978-9972-236-70-9,"que,spa","Universidad Ricardo Palma, Editorial Universitaria",Peru,2008,1,Dictionary,,https://worldcat.org/en/title/318613445
Diccionario Quechua - Español - Quechua,dic005,image,https://v5.airtableusercontent.com/v1/18/18/1687888800000/a1fc4J_3PRPFw9Gw6cUonQ/tgdvhx1T1RWPGntzRP6JRF2HTSZfFAh9l-vB6RwTMxzq5qKuH5SYou0BZcb61AmRnnSHxGqrcYtt1jQGO0G6Vw/WHQDVSOJn4fsYEvDtNSPmpz30LdbfG9kOEGmDtfqS9E,Millenium Editora Global,Dictionaries,,"spa,que",Millenium Editora Global,Peru,2009,1,Dictionary,,https://worldcat.org/en/title/670103285
Iskay Simipi Simipirwa Qhichwa - Castellano,dic006,image,https://v5.airtableusercontent.com/v1/18/18/1687888800000/ASzqgXyTSIqNGaonbm3Ymg/9FJtOIgngmj2MpYf-JsyPvTTH5U-xKctijDFUh3-94TCkeKk78FQrU8Eq3SwsEectXnr08IosT8gfYTTrxlMeQ/zn4_ecNe_QeKLq5ak_ygyWNLYeHl3j9zdbtMhbx4RqE,"Quiroz Villarroel, Alfredo",Dictionaries,"9789990530162
","spa,que",Sabios Indígenas y Directorio CENAQ,Bolivia,2010,1,Dictionary,,https://worldcat.org/en/title/84672579
Ocho muy buenas razones para generalizar el quechua en Apurímac,mag001,image,https://v5.airtableusercontent.com/v1/18/18/1687888800000/TGbWZEX3tmL-X1ImXnVumw/jS_uZccpif6OxOvKvTJXyk1kaCnhRxxBnO2ZPzpQe72JXq1JEEzrzwNmGh7fJ00Ai1eudwm6Vi7xyg1UVdAQgQ/ETb1oRVYiZNtxgQYvXWnyHL3UALQQcVBkmVbxnU7bIM,,Magazines,,spa,Defenoría del Pueblo Apurímac ,Peru,,,,,
"Podran Matar Las Flores, Pero Nunca Las Cantutas: Los Familiares Del Caso La Cantuta, Actores En El Proceso De Busqueda De Verdad Y Justicia",mag002,image,https://v5.airtableusercontent.com/v1/18/18/1687888800000/pbgHoau5Vk3Z3V-8HKUvcg/kw00-hgvsLT-tl1nrVrd9WoZSPpQIlnJCEiq3PSkey9mXHgaagKXF43h-ZYFtzMVeUAkyLZBdiJX0ULIREjh4Q/FVu0_EXO80DiLc1C1yM5dE75w3rEcE8NkoiKzwcHaDg,APRODEH; Red INFA,Magazines,978-9972-863-04-2,spa,Aprodeh,Peru,6/2008,1,Magazine -- Social Justice,,https://worldcat.org/en/title/276394037
"Año Historico: La economía de Bolivia creció 6,8% en 2013",mag003,image,https://v5.airtableusercontent.com/v1/18/18/1687888800000/U1PHF-rGG7igvXzJA9BZcg/yB7OTvWv_dGE_plfwwen1NKeEJl0fECUPd4kIttqo-4wdfsPjyUPA3LD8aK_Pj_FdV-h9mrZdleWnoocIBUkUw/pQnBwDFjhuO37r6Xo-Pu-6ekQfk_xtS4T1xdw6Ol-NA,economía Plural,Magazines,,spa,Ministerio de Economía y Fianzas Públicas ,Bolivia,4/2014,,Periodical -- Financial,,
ReVista: Beauty,mag004,image,https://v5.airtableusercontent.com/v1/18/18/1687888800000/PWuDFujxmBT9x4a47vpxog/W1_MT7vtmhWPbMr9JixGcsT18TY0-peujGFIvqoTLlK0ZBMf9t-AkhoM1ctbty7qXx-BjLyEKpwf5gjvDVTzmQ/vAGjup_yRP8LwttRIGE4_UXpv1RzpjgZN-BU2ki9Ibo,Harvard Review of Latin America,Magazines,,eng,David Rockefeller Center for Latin American Studies -- Harvard University ,United States,Spr/2017,Volume XVI NO. 3,Magazine -- Beauty and Health,,
Bolivia: Orfebre ,mag005,image,https://v5.airtableusercontent.com/v1/18/18/1687888800000/qdCf49bKOg_27e3lp03xmQ/dQt46Hn0SGMurW1JV9jLfQt94x7uFTaHxUQe-F_eBH0ifCTiRDDbTUknP0HfjpkEoiNcms59Y4pV8LfiuJAYQA/2aMG95-qQBjWi14Q7DuGiHyJ6LDUgR-06pDoqtgmWIQ,Promueve Bolivia,Magazines,,"eng,spa",Ministerio de Relaciones Exteriores ,Bolivia,9/2009,2,Product Catalog,,
Bolivia Artistica: Manufacturas de Cuero ,mag006,image,https://v5.airtableusercontent.com/v1/18/18/1687888800000/4lK6RfVfptlbTQC9w4MZdw/ewVBtcqwzj_jIWMoD98c7gkWZLdlcr2VXBZklY4O_Fd6J7bdic4qX_hy52lnT_u0PYpVy7Sf6gF-SKTIsB8uig/cPn_gB7qUkjgs5P9jq3CejxdlhM6478vBTG90203_eI,Promueve Bolivia,Magazines,,"eng,spa",Ministerio de Relaciones Exteriores ,Bolivia,9/2009,2,Product Catalog,,
Bolivia: Textil ,mag007,image,https://v5.airtableusercontent.com/v1/18/18/1687888800000/7oDiPPU5F3IFLyW-3E5Mlg/w1E9diGfuAtvlZ8S8BpHqs9xOSDX6YqrJQhn0T-c1Z3PaqVR-5UCQNO3Vq-80-Rwo2OmR6VmGbjLJqZ8BuM1eA/P_k6Y_NYF9Cx5vRdXZoPe5BU8Evn1EO8lxwRyWAAyds,Promueve Bolivia,Magazines,,"eng,spa",Ministerio de Relaciones Exteriores ,Bolivia,9/2009,2,Product Catalog,,
Bolivia: Ecologica ,mag008,image,https://v5.airtableusercontent.com/v1/18/18/1687888800000/yx5K5bpCuXnkzLHlHWDU0A/_RFexyESJCJP-C0L2lwZjHCuj15by6LdRIhgwDVz3LU3BtAiAc8W5hhVvbPk-S1jeMt88M2GFX1uG8un5A-5Gg/rK8N5EivVvzsnKSedI8MV9eoWb7Q3tLn6NOEOj_-GpA,Promueve Bolivia,Magazines,,"eng,spa",Ministerio de Relaciones Exteriores ,Bolivia,9/2009,2,Ecological / Agricultural,,
Bolivia: Turismo de Bolivia,mag009,image,https://v5.airtableusercontent.com/v1/18/18/1687888800000/Z36L6QzP41Prc5itHGGHgg/FHT5AgIhR0Av0FSzdoYlXwfv498BXfmGZTQrEkiiO2wFFX74qMS15baPpqK1AJSjUxlDcMiUOktUhWqQ-8Tgsw/IZvyrbC07C1_XX33_wR54p4oiaiIko04TAdGLxCxwDk,Promueve Bolivia,Magazines,,"eng,spa",Ministerio de Relaciones Exteriores ,Bolivia,9/2009,2,Product Catalog,,
Bolivia: Productos de Madera,mag010,image,https://v5.airtableusercontent.com/v1/18/18/1687888800000/MftiLV78TRS37crEZ9ebBw/W3_EO1vxyIu0AP6lL-fw2QoTIz8j-aVaRkUnGl9Rgv0O0EEuGVsw81l_a-3dJRUDVeg0onr8oc9UDddj1F9jvQ/Par0R0WctvtIoY_QTKbh9AqkJNCO_yKEnKzFfPmx-e0,Promueve Bolivia,Magazines,,"eng,spa",Ministerio de Relaciones Exteriores ,Bolivia,9/2009,2,Tourism Guide,,
Chachapuna: Revista de Arquelogía Boliviana,mag011,image,https://v5.airtableusercontent.com/v1/18/18/1687888800000/TFdyMNX3aOIT9i4RCW1rcA/LM3suTc8yB0k7hTwW4TtGDXmNubwee0G0ouB_mJk7wmwJrE2wmNZe31OQrIVXv1otHZFjJGvXga-oUell8fTpw/MLb4XmCpjsueln_jYkjZrEONXItz1ZtEQWlnk1OYvHE,"Sagárnaga, Jédu",Magazines,,spa,La Biblioteca y Archivo Histórico del Honorable Congreso Nacional,Bolivia ,12/2008,No. 4,Magazine -- Archeaology,,
Chachapuna: Revista de Arquelogía Boliviana,mag012,image,https://v5.airtableusercontent.com/v1/18/18/1687888800000/LbIrDUUYV_PYbSSa8oQXWA/zm4zrG1cTqMCjnYrgxk3IHMMvHsjehsnllcU4CbPYqPkuxyzzHFTqBupaJenC3KZ4LNF4zX4fFmPT3jFBuGDfw/5EKrDFj_pWIVq3QoTuzJ-Ur8cTO9OsRxPsTNELLlmpA,"Sagárnaga, Jédu",Magazines,,spa,La Biblioteca y Archivo Histórico del Honorable Congreso Nacional,Bolivia ,9/2007,No. 2,Magazine -- Archeaology,,
Chachapuna: Revista de Arquelogía Boliviana,mag013,image,https://v5.airtableusercontent.com/v1/18/18/1687888800000/QrAl-fIgLTqJi7UbOrNScA/jK5KV9WMjPo9K2ysHQ9sGLQeDhDIz2SF4uTE-HRUx4Cc-OWLfV8SIgORoRWJt1N3XWa7pxS9PBNM6jGKAty3Vw/PpdrA_ZvIVcq7NzpwLurMuuYgTQWLEDNfUFxJh0dBjs,"Sagárnaga, Jédu",Magazines,,spa,La Biblioteca y Archivo Histórico del Honorable Congreso Nacional,Bolivia ,6/2008,No. 3,Magazine -- Archeaology,,
Katatay / Dicen Que Somos,poe001,image,https://v5.airtableusercontent.com/v1/18/18/1687888800000/S59VNKM_--XmTfPFgJIWtA/u9C7GMOeCsauiAKSfZShrhYZqLlLeVIdAa6pJKrmWYM9X_yyCXaoMZ7sxbV3wT1_dq6D5hL3m4bu-HDDq8eRhQ/HFiYZjdmQlw19RXrf9_wqIZBa2dhgiLdR0bRzks2jAE,"Arguedas, Jose Maria; Sybila Arredondo de Arguedas",Poetry Books,DL 2011-12892,"que,spa",CHUSCA. Cultura Local Contemporana ,Peru,2011,1,Poetry,https://bobcat.library.nyu.edu/permalink/f/ci13eu/nyu_aleph002819327,https://worldcat.org/en/title/823931084
Puyupa-wayrapa-ninapawan-musqukusqanmanta,poe002,image,https://v5.airtableusercontent.com/v1/18/18/1687888800000/tGQD2XIHj1oA6rzXw2gkKw/I8oEi-kDZSBGqQwDaLWtWbPXCmz3IPUIkLIXHwV4Ui1SzLPYCTKStSB3J77H7KNNy-Qgi5pSf7Zcwyx4Qbtodw/avEE96B9qgQhJdxJxDSYxIcRqJ3w7JPF4ZBjdrMTZCc,"Carrillo Cavero, Ugo Facundo ",Poetry Books,978-612-45866-1-3,que,Imrenta Editorial Punto Com EIRL ,Peru,2010,1,Poetry,,
Yaku-Unupa Yuyaynin / La memoria del agua,poe003,image,https://v5.airtableusercontent.com/v1/18/18/1687888800000/bJakvSPehOy_iMJE0ipgRg/2KCxvuVBH3PZ6J3kyqTYqGDp0acptu0z17os2gQSPfRpOqRr7u82dd2Wp9zQnpQX81Wxqun5EZWSbe6SGqio9Q/1-hk8ArJbkm-vvfreYUlvG77P9F6a38zNINTUDIZ18A,"Carrillo Cavero, Ugo Facundo ",Poetry Books,DL: 2009-15237,que,conbuenaletra impesiones ,Peru,2009,1,Poetry,,https://worldcat.org/en/title/678476285
Taki Parwa / 22 Poems Kilku Warak'a ,poe004,image,https://v5.airtableusercontent.com/v1/18/18/1687888800000/1r86tN6UTpZBfbLviZeDEw/yBGELiALTUGx7TF8_3TXk8O_EpPAA7I5BfQ72lwt8f2zsw2qVzFAFC2PTp54cZ9oNwfjiBq0kk1P0zUVyvEYcQ/o0YzNv4yV1cqaL14Y7xVqdUXrCW0xYj6wQ04UKtjGMk,"Gonzales, Odi",Poetry Books,,que,Corporación Gráfica Navarrete S.A. ,Peru ,,1,Poetry,,https://worldcat.org/en/title/45038428
tunupa / El Libro de las sirenas,poe005,image,https://v5.airtableusercontent.com/v1/18/18/1687888800000/IhC2Iu3w4-cp7nl41Mi1RA/OxQFsRCd6RP8Uzjy4r7MojeaS6IHu19vm9jPxdK5JwBmk9zAxItI2IScB28TNNT5RDghs0_CcnsLfNKcwwUWrg/6dXokWQNTArAqpYnFMzcnfG69DKX4CGCLJCoykACWec,"Gonzales, Odi",Poetry Books,9972-68821-6,"que,spa",Santo x Oficio,Peru,2002,1,Poetry,,https://worldcat.org/en/title/50484625
Ciudad [c]oral ,poe006,image,https://v5.airtableusercontent.com/v1/18/18/1687888800000/qXjH4sXs43oRYd_2BuGyrw/vQMLMCxSlSjGXn-72gChuPndG6Um3AZi5q6leDcZ0bwL3iFX8gdITrBuEtyipJ8SMAKbMlozOVg5Ls6_d4WDxg/2ZdVcwrtH_7KGuhcXARq4lptvEWYpyb_aVHxk_IygLk,"Gonzales, Odi",Poetry Books,978-612-47289-4-5,spa,Paracaidas ,Peru ,2017,1,Poetry,,https://worldcat.org/en/title/994229711
la escuela de cusco ,poe007,image,https://v5.airtableusercontent.com/v1/18/18/1687888800000/OfWabt1DUqH7pjSvsQo8nA/ThqaR7oAVa2Aalf4ouB-eg7Uhu8dqWgeaaxnsMAoffRdRJnApgtNddIGInHyZBgyJbGPurwJ_n5lW9_KzFCtfQ/_R0PoMudArqt5xiaXy-RgtQ5XKLLfo311Vp_OUSWsss,"Gonzales, Odi",Poetry Books,9972-688-542,spa,santo x Oficio,Peru,2005,1,Poetry,,https://worldcat.org/en/title/62677338
Birds on the Kiswar Tree,poe008,image,https://v5.airtableusercontent.com/v1/18/18/1687888800000/M5MIZy99rsWdOr_gt7EoZg/b0m-X3NiU2hrbn5-zGmDXnlPuqaVdAKxa5HCM2aLxN7dMLN9XniaBHioeCx9CV3rGezCuAe7p9mOrzJUryCffg/SEq_OprHfXJzSo3qs25MLOIl9bCP_o-Tm6OAzu0nxTA,"Gonzales, Odi",Poetry Books,978-1-940939-24-7,"spa,eng",2Leaf Press,United States,2009,1,,,https://worldcat.org/en/title/929625063
Musuq Illa ,poe009,image,https://v5.airtableusercontent.com/v1/18/18/1687888800000/bfl98nGbuQrKq-wHDk2-aA/bmRHTMgCSYRAlDb7nTqxuH5ofeLO_n0rIY-G3lmSLNwsZ2WkooG1O93XVAx3MzFbYB57vrbFvRzS8nbLyrg__g/OWJFNPLRTx78DUkpS4XDb402sGyuP_RRl_nalX9SwQ8,"Krögel, Alison
 ",Poetry Books,978-612-4297-48-9,"spa,que",,,,,Poetry,,https://worldcat.org/en/title/1252632114
Alusiones: Recuentos de un joven andino,poe010,image,https://v5.airtableusercontent.com/v1/18/18/1687888800000/WDPrQIsjRouDVJUVSt8XzQ/AMOCEshNbdEcJVkRF6fqwqWvPOtFigBCoRXKQZgx0ThJR8_-4rDiI_9zKC4Hrkts3FJXrHt7j7d8AvB6bh5l4g/Eb1lFWct7PekphkzeCCdo53In1yxedAM8tQXIH0sTLE,"Medrano, Eduardo Félix ",Poetry Books,,spa,,United States,2008,1,Poetry,,https://worldcat.org/en/title/1288391446
Los Andes Ecuatorianos,art001,image,https://v5.airtableusercontent.com/v1/18/18/1687888800000/qiQ1wEwyknxE22TdStZw0A/VqlY7O1W5V431iR4DHAyDzi9_zky53jR32QzpY0KU8rWGK05cOBLhGU0I_yBuKeUJXfKoIEmpykF5YknXYjqkg/0yKEbaHij8xqc2GeMphJivMGBDWAhPWzQFXYqXCWvkE,"Albán, Verónica",Art + Photography Books,,"spa,eng",Macalban Editores; Talleres de CROMOS,Ecuador,1976,1,"Photography,History -- Bolivia",,https://worldcat.org/en/title/4644575
Pawqarkuna,art002,image,https://v5.airtableusercontent.com/v1/18/18/1687888800000/xA_eSlN0-hAAm1B7qBFZ2g/f0DkKJgRQN9aR83U36z6zQcH5Fz4ojXkMNnuA-EEP6Xq3VL2M4BjKpB6ufzeoE3JipWzpplRp1bMhwcYoscsHA/YYiYHfg5xFT57cxc08Z_oN2_cAAvDpdWas6aZzYk5AI,"Arones, Darinka",Art + Photography Books,,que,,United States,2023,1,Photography,,
"Ana De Orbegoso, Memoria [en] femenino",art003,image,https://v5.airtableusercontent.com/v1/18/18/1687888800000/oQLPVZMH6g0JOJ0B6AGkjw/23B50Uo4x6rrXdwDzZ02dfpurbxO3Ou5HvaL8j_pyyTBt7nIxpvSrFafVRWPaivvjCg4ELNyD6tLajKUNsuzvg/3AS-Ss4EzsnhwHAmwnjHABPyp0QzpZXFcraUe7RLcm8,"Del Valle Cárdenas, Augusto",Art + Photography Books,978-612-5062-10-9,spa,Instituto Cultural Peruano Norteamericano,Peru,2022,1,Photography,https://bobcat.library.nyu.edu/permalink/f/ci13eu/nyu_aleph009423584,https://worldcat.org/en/title/1371685651
Warisata en Imágenes: El derecho a la educación desde la experiencia de la Escuela Ayllu ,art004,image,https://v5.airtableusercontent.com/v1/18/18/1687888800000/y-WUqCwFOXWtE0uOHTMDQQ/BarbYxFhGVgVXsolT47noDWH8odcqAt3V2lcjPpDL61x6R6oZhasjqufZE0Ybd90Gk22w0lJyWrSa4Pho63R7w/rqVmkkQTSimGYR6-Yht_K0MvPr3yGPr3GsX49zBxEzI,"Resino, Ana Carretero",Art + Photography Books,,"spa,eng",Campaña Boliviana por el Derecho a la Educación ,Bolivia,2017,1,Photography,https://bobcat.library.nyu.edu/permalink/f/ci13eu/nyu_aleph002114278,https://worldcat.org/en/title/28513802
"Carrying Coca: 1,500 Years of Andean Chuspas",art005,image,https://v5.airtableusercontent.com/v1/18/18/1687888800000/-WJ8BBtQY2twoaECgaZMCw/_NP5IP6k6Ga4gJgpzo4Vr3IMY24pt62MybXjIkkNycsjczjjB1HUh4Xd7Kzr6q_zTZP59cIo4mXFGT32vHPtEQ/plc5AGX2n9n1N8ALqU6R9Cv4x-EguRPCgvFUnsZROsw,"Sharratt, Nicola ",Art + Photography Books,9780300200720,eng,Bard Graduate Center,United States,2014,1,Photography,https://bobcat.library.nyu.edu/permalink/f/ci13eu/nyu_aleph003992569,https://worldcat.org/en/title/862098422
Ollanta: Mito e Historia,runa001,image,https://v5.airtableusercontent.com/v1/18/18/1687888800000/S36iVAXnYPJXbdPuVqlsrw/nW6i0_BnMBkgW2Ze1n7wYptMfwwHTWuEEOsaAtvFCBFSHdTHczua_NBXkJva4V1wqOjuFOZPXcWU4_6rhkzQgQ/1yurIjOra8SxAr5Wfw-Qq_YsUmErca5hIYwRrOBXQNA,,Willaykuna Runasimipi (Books in Quechua),,"spa,que",Municipilidad Distrital de Ollantaytambo,Peru,,,Historical Play,,
"Adivinanzas, Trabalenguas y Cuentos en Quechua",runa002,image,https://v5.airtableusercontent.com/v1/18/18/1687888800000/yIktEyLpZXZAb1ABbzbn5g/fIR5Pi-OWPetV8_iWdvsJUt66BnFH2NtPqgytPtgXsOkACjjrFaJWGb6tJUEOEmeCJpt-yM-hbgImmLp2Hk7lQ/XrkOy_7yWnQSs9K6Jz87slXMJBErBy83Oo7YjxXVrQM,"Alvarado Bonifacio, Aquilano ",Willaykuna Runasimipi (Books in Quechua),5-1-1152-07,"spa,que",Latinas Editores Ltda,Bolivia,2015,3,"Riddles,tongue twisters",,
"Literatura Quechua: Cuentos andinos, poesias, canciones, dichos, refranes, adivinanzas ",runa003,image,https://v5.airtableusercontent.com/v1/18/18/1687888800000/ZebsfofMM-OSfGYnONQVdw/zYzLowCqlspOzyd9lUvnahIuSgz_ADR4EOxNj9hbZbRmViXpB_4MgtjzWRyV91RWu85WgrFXdJk0VmKOHMNyrg/xaekd3VQvNSGAvrR-c5M53YYfBFw7OrD8RXN5ZbkvdE,"Bacarreza, Donato Gómez",Willaykuna Runasimipi (Books in Quechua),DL: 7-88-98,que,Academia Boliviana de Lenguas Nativas,Bolivia,2013,3,"Stories,Poetry",,https://worldcat.org/en/title/761318176
Phuyup yawar waqaynin,runa004,image,https://v5.airtableusercontent.com/v1/18/18/1687888800000/DB7ae9J8xXwaGnIiVqL45Q/Zh3tnanCgmI11Kbhqmmd_fCZBkLJRrkS5WSmCCEfaOq16W_JNf-D28SMisdulJr-j_aqimGxkg0Zllp4QiVxuw/Zyul3flIRyzAyiytvQk0fH91t7Odpv2QQoKmp-eCbbo,"Camacho Rios, Gladys",Willaykuna Runasimipi (Books in Quechua),,que,"Talleres Gráficos ""Kipus"" ",Bolivia,2013,1,History -- Bolivia,,https://worldcat.org/en/title/1124682694
"See Sandy: A Kid's Story in English, Spanish, and Quechua",runa005,image,https://v5.airtableusercontent.com/v1/18/18/1687888800000/K_PQXFZUEZWHQ2p57IuuJQ/YnAPcebCapse85rr2aQIlnCrEMeCsOkn2KukD8kbd3cebECg6cyfqYMOoevweLb7c2v9luIF8DxHAYpHgKtUcw/Kflyh6FFFYDWFE0E5u8yYs1_jKaVkXTGYlUfQPWCQ7k,"Enriquez, Sandy",Willaykuna Runasimipi (Books in Quechua),,"eng,spa,que",Quwicha Press,United States,2018,1,Children's book,,
Mushuc Quellca Huañuyta Yachashpa Huillarca,runa006,image,https://v5.airtableusercontent.com/v1/18/18/1687888800000/XbTm-msZTYMyqNaH0BZnOg/Uss6NU_1TDx6jzoPOOazKX-NQwK0zINdmkv2hcFkqwoTy9xFEEziQn33H0Ys_jsgYeekzepJkQWXbX_g_6Zcog/wcEtO1ZG2FpkDSu44BkusYAFENGeorVaw6q4Uo7sARI,"Garcia Marquez, Gabriel",Willaykuna Runasimipi (Books in Quechua),,que,Editorial Oveja Negra,Colombia,1981,1,Fiction,,https://worldcat.org/en/title/11921196
"Kawsayninchista willanakusunchis : Patacanchaq willanakuynin, takinkuna ima ",runa007,image,https://v5.airtableusercontent.com/v1/18/18/1687888800000/IJ31dbtQA2blyqDNdau0Yw/HRlkoZRbmnng8cPyk9oqgszPdD1mL7U3lM9zxr6GFE2icgGOzdItANQAqJCqgBSzBnKer00y6zUN3nSfa2LiLg/QAWcJ9MH27ZNTmHXvYsKL29W8gQhUdjfYZKHCB3_1HQ,"Medina Quiñones, Amanda",Willaykuna Runasimipi (Books in Quechua),978-9972-691-92-8,que,Centro de Estudios Regionales Andinos Bartolomé de Las Casas,Peru,2009,1,Stories,,https://worldcat.org/en/title/635537963
Ollantay: Cantos y Narraciones Quechuas,runa008,image,https://v5.airtableusercontent.com/v1/18/18/1687888800000/FZi_LMw0QZ2zRPavwViaxA/usknTUOOGegg0cHkA34YxrB7VcDW-REQH64oaF0iK-QUqa_-SZ0GIcvZJzSowHEiEI0MtviFBfbmlqG4lYvf-w/eW2iK2iq55XufbzW04E1hcL9Fp15DbNTOba9ydv8mgQ,"Miró, César; Bondy, Sebastián Salazar ",Willaykuna Runasimipi (Books in Quechua),15-10985-G,"que,spa",PEISA,Peru,1995,1,"Songs,Stories",,https://worldcat.org/en/title/18108749
"Qoricha: Charanguerucha, Huk Kumpachata Tarin",runa009,image,https://v5.airtableusercontent.com/v1/18/18/1687888800000/_otVFUZQR8_XAYfGihlJnA/eZYmtrp2qeD6IBfUpLrKcZNMbP7KRGfU0EmQ4nzna_Mt2LKOx6ldrUHM-7mnaCHsMifflNdT4Ag3WjEX8B5BLQ/2yQKf_g11TjDAXKgy3GYso2fibfLeCu4IWahy6Za54I,"Rebatta, Elva Ambía",Willaykuna Runasimipi (Books in Quechua),,"eng,spa,que",New York Quechua Initiative,United States,2016,1,Children's book,,
Asiricuspa Keswitapi: Riase en Quechua,runa010,image,https://v5.airtableusercontent.com/v1/18/18/1687888800000/HSJV2Qou__6gj8ZfsQhCEQ/x567L5o74rg6wtarxC0U_Lig0fyTlX1ptB7FzYBzCi1GUCSrnNHuCp2ojmbl_QJysJulkMSa2QF2gPMOY1tArQ/cmvUgsu81m1RhC4QoVAVlsr2osp1XqJGIsFlFuMXdkw,Tauru's Educacion y Cultura a los cuatro vientos ,Willaykuna Runasimipi (Books in Quechua),,que,Comunitaria Vocacional Estado Plurinacional de Bolivia,Bolivia,2014,1,Stories,,
Wawanchik Allin Qhawarisqa Kananpaq (El Libro de los Padres) ,runa011,image,https://v5.airtableusercontent.com/v1/18/18/1687888800000/UIZujCm_CfZqL-EA_Nv8BA/MNa9rNPYhgI-N5aozFdzcnLeX08sZIUl5881VhqgG-KeO__tHYgBQU11bDtlg6ZjIhUxy3LKIBODi5xSkHl5wA/ADioF2J_oGH6kyKvHx9z2RwADjnZ6UqCwDcufLWZH7U,"Villarroel, Alfredo Quiroz",Willaykuna Runasimipi (Books in Quechua),,que,Proyecto Yuyay Jap'ina Norte de Potosi,Peru,1995,1,Stories,,https://worldcat.org/title/643244442
Imasmarikuna,runa012,image,https://v5.airtableusercontent.com/v1/18/18/1687888800000/bNvYCKxZ_-LqQds0AGSAHA/w434Oa_PsmrBbsVW9Hja35No3zmLuv79YtxKoaQzLhPjL2MLrn4rQGEmKo3GcKtlXurfKLPonuj593SjEaoxjg/Oi6ES1NEP8nnjnzcHyiV6W13l46uNObuMFVpbxXDgMA,"Villarroel, Alfredo Quiroz",Willaykuna Runasimipi (Books in Quechua),2-1-1148-08,que,Impresores Colorgraf Rodriguez,Bolivia,2008,1,Stories,,https://worldcat.org/en/title/643244446
Waylluymanta Arawikuna,runa013,image,https://v5.airtableusercontent.com/v1/18/18/1687888800000/8kMEPIrwAe0M74UCDkfBMQ/rZK_DWH7HWjJI7HJDo3OvDQ5nt7yxUDT2rTY96xZVHEGwrTbFRXiSANhlFM7Ex9jo52WlfvKl-4MSQUteGIVVg/wlf05wbmbPDj0DDNWVHODBX2kByS_IO2YwUEicSbC7I,"Villarroel, Alfredo Quiroz",Willaykuna Runasimipi (Books in Quechua),2-1-1147-08,que,Impresores Colorgraf Rodriguez,Bolivia,2008,1,Stories,,
"Wakin Tata, Imaraykutaq Qhichwa simipi mana yachachikunata munankuchu?",runa014,image,https://v5.airtableusercontent.com/v1/18/18/1687888800000/goOodRnK5fk2pQe7CXYHJw/Wbw-_Bg7nt2ameTPqZCkzT3KfNvxzMkKF84o3IdUOw7KCAXB7jguXcHUyi68WcEa4FhqnEfH3efWh6Fh39BzWA/AqM60q11rhW7zzDMiqdwH9iDuPkhBhPXOQ-mmjL1NYw,"Villarroel, Alfredo Quiroz",Willaykuna Runasimipi (Books in Quechua),DL 4-1-1-93,que,Comision Episcopal de Educacion Proyecto de educacion interculturral bilingue,Peru,1996,1,Stories,,
Atuqmanta Willaykunawan Arawikunawan,runa015,image,https://v5.airtableusercontent.com/v1/18/18/1687888800000/4eZ85hOVWO8__5QqffafZg/s37Ejh67SvwWygI5ToWpj94dbSax_znRYRVqMGsHzahQJM9FXXX_ynzc-raTDYtwVg-tKYSB6NLFgYpXibVJYA/aKyOS4saTKVbL7eaVUS7VjbefC4eD9-DPPW7GA5AypE,"Villarroel, Alfredo Quiroz",Willaykuna Runasimipi (Books in Quechua),DL 4-1-1-93,que,Comision Episcopal de Educacion Proyecto de educacion interculturral bilingue,Peru,1992,1,Stories,,
Quyllur: Kay p'anqaqa ñawirispa whichwata kallpachanapaq,runa016,image,https://v5.airtableusercontent.com/v1/18/18/1687888800000/MsvWXjf8uUJBdA8t0k7YQQ/d__sLmmvK1FPDaWzn1qEEuwHn199Q7_vw0DRPgTgJzfKo0gDHmgXvCDpfeZawjD5b-qgFIptRXtjmjcpO1FxIA/mJObT6lsmkNH95FYR9BJL8uIXyQSsfHV9orJ5Gz0UY0,"Villarroel, Alfredo Quiroz",Willaykuna Runasimipi (Books in Quechua),DL 4-2-310-96,que,Comision Episcopal de Educacion Proyecto de educacion interculturral bilingue,Peru,1996,1,Stories,,